0,0,0,858.3246
0.01,0,0,858.3246
0.02,0,0,858.3246
0.03,0,0,858.3246
0.036,0,0,858.3246
0.045,0,0.0234,858.3246
0.055,0.0018,0.4282,858.3245
0.065,0.0102,1.3307,858.3242
0.075,0.0301,2.7312,858.3236
0.078,0.0391,3.2484,858.3233
0.0825,0.0555,4.0721,858.3228
0.0893,0.0873,5.3605,858.3217
0.0993,0.151,7.3879,858.3197
0.1093,0.2356,9.5551,858.3169
0.1193,0.3425,11.8622,858.3135
0.125,0.4147,13.2522,858.3111
0.1336,0.5381,15.3598,858.3071
0.1436,0.7038,17.7729,858.3018
0.1536,0.8935,20.1533,858.2956
0.157,0.9628,20.9492,858.2934
0.1621,1.0719,22.1385,858.2898
0.1697,1.2468,23.9152,858.2841
0.1797,1.4976,26.2418,858.276
0.1897,1.7715,28.5533,858.2671
0.2,2.0792,30.9285,858.2572
0.21,2.3999,33.2187,858.2468
0.22,2.7436,35.512,858.2356
0.23,3.1102,37.8085,858.2237
0.24,3.4998,40.1082,858.2111
0.25,3.9124,42.4111,858.1977
0.26,4.348,44.7172,858.1836
0.27,4.8067,47.0264,858.1687
0.28,5.2885,49.3389,858.1531
0.29,5.7935,51.6545,858.1367
0.3,6.3216,53.9733,858.1196
0.31,6.873,56.2953,858.1017
0.32,7.4475,58.6205,858.0831
0.33,8.0454,60.9489,858.0637
0.34,8.6665,63.2804,858.0436
0.35,9.311,65.6152,858.0227
0.36,9.9789,67.9531,858.001
0.37,10.6701,70.2942,857.9786
0.38,11.3847,72.6384,857.9555
0.39,12.1229,74.9859,857.9315
0.4,12.8845,77.3365,857.9068
0.41,13.6696,79.6903,857.8814
0.417,14.2332,81.3389,857.8631
0.4275,15.1003,83.8142,857.835
0.4432,16.4496,87.5312,857.7912
0.4669,18.5835,93.1159,857.7221
0.5023,22.032,101.5134,857.6102
0.5523,27.4047,113.4035,857.4361
0.6023,33.3731,125.342,857.2425
0.6523,39.9397,137.3283,857.0296
0.666,41.8419,140.6179,856.968
0.6865,44.7797,145.559,856.8727
0.7173,49.3767,152.9862,856.7237
0.7635,56.702,164.1616,856.4862
0.8135,65.2134,176.3037,856.2102
0.8635,74.3331,188.4934,855.9145
0.9135,84.0635,200.7298,855.5991
0.962,94.0826,212.6374,855.2742
1.012,105.0222,224.949,854.9195
1.062,116.5778,237.2752,854.5449
1.112,128.75,249.615,854.1502
1.162,141.5395,261.9677,853.7356
1.197,150.8598,270.6215,853.4334
1.247,164.7001,282.9921,852.9847
1.297,179.1591,295.3706,852.5159
1.347,194.2373,307.7553,852.027
1.397,209.9348,320.145,851.5181
1.447,226.2518,332.539,850.989
1.497,243.1887,344.9365,850.4399
1.507,246.6505,347.4163,850.3277
1.522,251.8896,351.1357,850.1578
1.5445,259.8529,356.7132,849.8996
1.5782,272.0331,365.0759,849.5047
1.6282,290.5965,377.4567,848.9029
1.6782,309.7786,389.8284,848.2809
1.7282,329.5792,402.191,847.639
1.7782,349.9976,414.5461,846.977
1.8282,371.0336,426.8941,846.2949
1.8782,392.6869,439.236,845.5929
1.9,402.2987,444.6032,845.2948
1.9326,416.9351,452.6496,844.8432
1.9816,439.3817,464.7059,844.1507
2.0316,462.9246,477.0077,843.4244
2.0816,487.0822,489.2926,842.6791
2.1316,511.8536,501.5609,841.9149
2.1816,537.238,513.8115,841.1318
2.206,549.8674,519.7921,840.7422
2.2427,569.0853,528.752,840.1493
2.2927,595.8279,540.9494,839.3243
2.3427,623.1797,553.1168,838.4805
2.3927,651.139,565.2507,837.6179
2.423,668.4024,572.5972,837.0853
2.4685,694.7144,583.5642,836.2736
2.5185,724.1917,595.5115,835.3642
2.5685,754.2637,607.3511,834.4364
2.6185,784.925,619.0795,833.4905
2.637,796.4081,623.3871,833.1363
2.6647,813.7817,629.8172,832.6003
2.7063,840.175,639.3874,831.786
2.7563,872.4296,650.774,830.7909
2.8063,905.2503,662.0305,829.7784
2.8563,938.6305,673.1579,828.7486
2.9063,972.564,684.1593,827.7017
2.9563,1007.0444,695.0388,826.638
3.008,1043.2545,706.1599,825.5209
3.058,1078.8289,716.796,824.4234
3.108,1114.932,727.308,823.3096
3.158,1151.5576,737.6931,822.1797
3.208,1188.6991,747.9478,821.0339
3.258,1226.3501,758.0691,819.8723
3.308,1264.5037,768.0513,818.6952
3.318,1272.1941,770.0306,818.458
3.333,1283.7668,772.9877,818.101
3.3555,1301.2087,777.395,817.5629
3.3893,1327.5564,783.9419,816.75
3.4393,1366.9931,793.4983,815.5334
3.4893,1406.9034,802.886,814.3021
3.5393,1447.279,812.1087,813.0565
3.5893,1488.1116,821.1705,811.7968
3.617,1510.9681,826.1324,811.0917
3.6586,1545.5092,833.483,810.0261
3.7086,1587.4011,842.1651,808.7337
3.7586,1629.723,850.6868,807.428
3.8086,1672.4671,859.0468,806.1093
3.86,1716.8176,867.4641,804.7411
3.91,1760.3924,875.5064,803.3968
3.96,1804.3661,883.4209,802.0402
3.963,1807.0171,883.8916,801.9584
3.9675,1810.9962,884.5953,801.8356
3.9743,1816.9707,885.6433,801.6513
3.9844,1825.9458,887.1986,801.3744
3.9996,1839.4376,889.4936,800.9582
4.024,1861.2188,893.0913,800.2862
4.0607,1894.0512,898.2173,799.2733
4.091,1921.3673,902.1852,798.4306
4.1365,1962.5549,907.479,797.16
4.163,1986.6247,910.1266,796.4174
4.2027,2022.8492,913.4191,795.2998
4.2527,2068.5983,916.3124,793.9406
4.284,2097.2732,917.4153,793.0993
4.3309,2140.3278,917.9803,791.8362
4.3809,2186.2108,917.0818,790.4901
4.394,2198.2122,916.5915,790.138
4.4136,2216.2009,915.7183,789.6102
4.4431,2243.1489,914.189,788.8196
4.455,2254.0356,913.4956,788.5002
4.4729,2270.3497,912.3953,788.0216
4.4997,2294.7827,910.6407,787.3048
4.519,2312.3688,909.2986,786.7888
4.548,2338.6985,907.2396,786.0164
4.5915,2378.0813,904.1611,784.861
4.6415,2423.2012,900.6383,783.5372
4.6915,2468.1455,897.1358,782.2186
4.7415,2512.9152,893.656,780.9052
4.7915,2557.5115,890.2,779.5968
4.8415,2601.9356,886.7669,778.2935
4.8915,2646.1885,883.3536,776.9952
4.9415,2690.2713,879.9589,775.7019
4.9915,2734.1847,876.581,774.4136
5.0415,2777.9296,873.2191,773.1302
5.0915,2821.5068,869.8711,771.8517
5.1415,2864.917,866.5372,770.5781
5.1915,2908.1608,863.2174,769.3094
5.2415,2951.239,859.9136,768.0456
5.2915,2994.1525,856.6292,766.7866
5.3415,3036.9022,853.3648,765.5324
5.3915,3079.4893,850.1209,764.283
5.4415,3121.9146,846.8965,763.0383
5.4915,3164.1792,843.6895,761.7983
5.5415,3206.2839,840.4989,760.5631
5.5915,3248.2294,837.3232,759.3324
5.6415,3290.0164,834.1597,758.1065
5.6915,3331.6455,831.0067,756.8852
5.7415,3373.1172,827.8646,755.6685
5.7915,3414.4322,824.7342,754.4564
5.8415,3455.5909,821.6175,753.2489
5.8915,3496.5942,818.5167,752.0459
5.9415,3537.4429,815.4341,750.8475
5.9915,3578.1379,812.3703,749.6536
6.0415,3618.6802,809.3237,748.4641
6.0915,3659.0706,806.294,747.2791
6.1415,3699.3098,803.2782,746.1346
6.1915,3739.3986,800.2751,745.0168
6.2415,3779.3375,797.284,743.9032
6.2915,3819.1272,794.3035,742.7938
6.3415,3858.7681,791.3347,741.6885
6.3915,3898.2608,788.377,740.5873
6.4415,3937.606,785.4301,739.4902
6.4915,3976.804,782.494,738.3973
6.5415,4015.8556,779.5707,737.3084
6.5915,4054.7613,776.6617,736.2236
6.6415,4093.522,773.7674,735.1428
6.6915,4132.1383,770.8869,734.0661
6.7415,4170.6109,768.02,732.9933
6.7915,4208.9405,765.1664,731.9246
6.8415,4247.1277,762.3243,730.8598
6.8915,4285.1731,759.4923,729.799
6.9415,4323.0772,756.6716,728.7421
6.9915,4360.8404,753.8612,727.6892
7.0415,4398.4634,751.0599,726.6401
7.0915,4435.9466,748.2683,725.595
7.1415,4473.2904,745.4881,724.5537
7.1915,4510.4956,742.7202,723.5163
7.2415,4547.5627,739.9636,722.4828
7.2915,4584.4921,737.2163,721.4531
7.3415,4621.2845,734.4788,720.4272
7.3915,4657.9402,731.7527,719.4051
7.4415,4694.4599,729.0389,718.3868
7.4915,4730.8443,726.3364,717.3723
7.5415,4767.0937,723.6445,716.3616
7.5915,4803.2089,720.9613,715.3546
7.6415,4839.19,718.2868,714.3513
7.6915,4875.0377,715.6216,713.3518
7.7415,4910.7523,712.9656,712.3559
7.7915,4946.3344,710.319,711.3638
7.8415,4981.7844,707.6814,710.3753
7.8915,5017.1027,705.0536,709.3906
7.9415,5052.2899,702.4363,708.4094
7.9915,5087.3465,699.8297,707.432
8.0415,5122.2731,697.233,706.4581
8.0915,5157.07,694.6459,705.4879
8.1415,5191.7378,692.068,704.5212
8.1915,5226.2769,689.4993,703.5582
8.2415,5260.6879,686.9392,702.5987
8.2915,5294.971,684.3878,701.6428
8.3415,5329.1268,681.8444,700.7102
8.3915,5363.1556,679.3084,699.809
8.4415,5397.0577,676.7796,698.9111
8.4915,5430.8336,674.258,698.0166
8.5415,5464.4837,671.7444,697.1254
8.5915,5498.0082,669.2395,696.2376
8.6415,5531.4078,666.7433,695.353
8.6915,5564.6827,664.2554,694.4718
8.7415,5597.8335,661.7765,693.5938
8.7915,5630.8605,659.3067,692.7191
8.8415,5663.7643,656.8446,691.8477
8.8915,5696.5451,654.3895,690.9796
8.9415,5729.2034,651.9428,690.1146
8.9915,5761.7395,649.5043,689.253
9.0415,5794.1539,647.0736,688.3945
9.0915,5826.447,644.6515,687.5393
9.1415,5858.6192,642.237,686.6872
9.1915,5890.6708,639.8297,685.8384
9.2415,5922.6023,637.4292,684.9927
9.2915,5954.4138,635.0339,684.1502
9.3415,5986.1057,632.6439,683.3109
9.3915,6017.6783,630.2599,682.4747
9.4415,6049.1318,627.8811,681.6417
9.4915,6080.4665,625.5088,680.8119
9.5415,6111.6828,623.1446,679.9851
9.5915,6142.7811,620.788,679.1615
9.6415,6173.7618,618.4386,678.341
9.6915,6204.6251,616.097,677.5237
9.7415,6235.3716,613.7633,676.7094
9.7915,6266.0016,611.4374,675.8982
9.8415,6296.5155,609.1194,675.09
9.8915,6326.9136,606.8086,674.285
9.9415,6357.1964,604.5041,673.483
9.9915,6387.3641,602.2046,672.684
10.0415,6417.417,599.9099,671.8881
10.0915,6447.3552,597.6208,671.0952
10.1415,6477.1792,595.3378,670.3054
10.1915,6506.8891,593.0606,669.5185
10.2415,6536.4853,590.7883,668.7347
10.2915,6565.968,588.5211,667.9539
10.3415,6595.3375,586.26,667.1761
10.3915,6624.5941,584.005,666.4013
10.4415,6653.7381,581.7577,665.6294
10.4915,6682.77,579.5174,664.8605
10.5415,6711.69,577.2831,664.0946
10.5915,6740.4984,575.055,663.3317
10.6415,6769.1956,572.833,662.5717
10.6915,6797.7818,570.6163,661.8146
10.7415,6826.2573,568.4041,661.0605
10.7915,6854.6223,566.1978,660.3092
10.8415,6882.8772,563.997,659.5609
10.8915,6911.0221,561.8009,658.8156
10.9415,6939.0573,559.6094,658.0731
10.9915,6966.9831,557.4224,657.3491
11.0415,6994.7997,555.2409,656.6498
11.0915,7022.5073,553.0638,655.9533
11.1415,7050.1061,550.8915,655.2595
11.1915,7077.5965,548.7246,654.5684
11.2415,7104.9786,546.5624,653.88
11.2915,7132.2528,544.4051,653.1944
11.3415,7159.4193,542.2534,652.5114
11.3915,7186.4783,540.1081,651.8312
11.4415,7213.4302,537.9693,651.1537
11.4915,7240.2753,535.8368,650.4788
11.5415,7267.0139,533.7094,649.8066
11.5915,7293.6463,531.5865,649.1371
11.6415,7320.1726,529.4674,648.4703
11.6915,7346.5931,527.3518,647.8061
11.7415,7372.9079,525.2403,647.1446
11.7915,7399.1172,523.1337,646.4857
11.8415,7425.2214,521.0324,645.8295
11.8915,7451.2205,518.9356,645.1759
11.9415,7477.115,516.8435,644.5249
11.9915,7502.905,514.7554,643.8766
12.0415,7528.5906,512.6709,643.2309
12.0915,7554.1721,510.5914,642.5878
12.1415,7579.6498,508.5167,641.9473
12.1915,7605.0239,506.4462,641.3094
12.2415,7630.2945,504.3795,640.6741
12.2915,7655.4619,502.3168,640.0414
12.3415,7680.5262,500.2579,639.4113
12.3915,7705.4877,498.2027,638.7838
12.4415,7730.3466,496.1517,638.1589
12.4915,7755.103,494.1048,637.5366
12.5415,7779.7571,492.0621,636.9168
12.5915,7804.3093,490.0249,636.2996
12.6415,7828.7597,487.9929,635.6849
12.6915,7853.1087,485.9656,635.0728
12.7415,7877.3563,483.9427,634.4632
12.7915,7901.503,481.9232,633.8562
12.8415,7925.5487,479.9074,633.2517
12.8915,7949.4938,477.8949,632.6498
12.9415,7973.3383,475.8852,632.0503
12.9915,7997.0823,473.879,631.4534
13.0415,8020.7262,471.8778,630.8591
13.0915,8044.2702,469.8804,630.2672
13.1415,8067.7144,467.887,629.6778
13.1915,8091.0589,465.8972,629.091
13.2415,8114.3041,463.91,628.5066
13.2915,8137.45,461.9259,627.9247
13.3415,8160.4967,459.9441,627.3454
13.3915,8183.4444,457.9644,626.7685
13.4415,8206.2932,455.988,626.1941
13.4915,8229.0433,454.0158,625.6222
13.5415,8251.6949,452.0481,625.0527
13.5915,8274.2482,450.0854,624.4858
13.6415,8296.7035,448.1271,623.9213
13.6915,8319.061,446.1727,623.3592
13.7415,8341.3208,444.2225,622.7996
13.7915,8363.4833,442.2758,622.2425
13.8415,8385.5485,440.3318,621.6878
13.8915,8407.5165,438.3913,621.1355
13.9415,8429.3877,436.4545,620.5857
13.9915,8451.162,434.5201,620.0383
14.0415,8472.8397,432.589,619.4934
14.0915,8494.421,430.6618,618.9509
14.1415,8515.906,428.7377,618.4107
14.1915,8537.2948,426.8168,617.8731
14.2415,8558.5877,424.8988,617.3378
14.2915,8579.7847,422.9833,616.8049
14.3415,8600.8861,421.0705,616.281
14.3915,8621.8918,419.1608,615.7801
14.4415,8642.8022,417.2545,615.2814
14.4915,8663.6173,415.3506,614.785
14.5415,8684.3373,413.4495,614.2909
14.5915,8704.9623,411.5505,613.7991
14.6415,8725.4924,409.6529,613.3095
14.6915,8745.9276,407.7569,612.8222
14.7415,8766.2681,405.8628,612.3371
14.7915,8786.514,403.9721,611.8543
14.8415,8806.6653,402.0841,611.3738
14.8915,8826.7224,400.1991,610.8955
14.9415,8846.6853,398.3177,610.4194
14.9915,8866.5542,396.4395,609.9456
15.0415,8886.3293,394.565,609.474
15.0915,8906.0108,392.694,609.0047
15.1415,8925.5988,390.8263,608.5376
15.1915,8945.0935,388.9622,608.0727
15.2415,8964.4951,387.1019,607.61
15.2915,8983.8037,385.2444,607.1496
15.3415,9003.0196,383.39,606.6913
15.3915,9022.1428,381.5392,606.2353
15.4415,9041.1735,379.6917,605.7815
15.4915,9060.112,377.8467,605.3298
15.5415,9078.9582,376.0037,604.8804
15.5915,9097.7124,374.1632,604.4332
15.6415,9116.3746,372.3247,603.9881
15.6915,9134.9449,370.4882,603.5453
15.7415,9153.4235,368.6539,603.1046
15.7915,9171.8103,366.8209,602.6662
15.8415,9190.1056,364.9895,602.2299
15.8915,9208.3093,363.1595,601.7958
15.9415,9226.4215,361.3309,601.3638
15.9915,9244.4424,359.5037,600.9341
16.0415,9262.372,357.6785,600.5065
16.0915,9280.2103,355.8559,600.0811
16.1415,9297.9576,354.0365,599.6579
16.1915,9315.614,352.2197,599.2369
16.2415,9333.1796,350.4052,598.818
16.2915,9350.6546,348.5936,598.4013
16.3415,9368.039,346.7847,597.9867
16.3915,9385.3331,344.9774,597.5743
16.4415,9402.5368,343.1725,597.164
16.4915,9419.6504,341.3705,596.7559
16.5415,9436.6739,339.5708,596.35
16.5915,9453.6075,337.7741,595.9461
16.6415,9470.4513,335.9801,595.5445
16.6915,9487.2055,334.1884,595.1449
16.7415,9503.8702,332.3986,594.7475
16.7915,9520.4454,330.6106,594.3523
16.8415,9536.9313,328.8244,593.9591
16.8915,9553.3279,327.0398,593.5681
16.9415,9569.6353,325.2566,593.1792
16.9915,9585.8536,323.4749,592.7925
17.0415,9601.9828,321.6945,592.4078
17.0915,9618.0231,319.9157,592.0253
17.1415,9633.9744,318.14,591.6449
17.1915,9649.8371,316.367,591.2666
17.2415,9665.6112,314.5964,590.8905
17.2915,9681.2968,312.8284,590.5164
17.3415,9696.8941,311.0628,590.1445
17.3915,9712.4031,309.2997,589.7746
17.4415,9727.8241,307.5386,589.4069
17.4915,9743.157,305.7791,589.0412
17.5415,9758.402,304.0214,588.6777
17.5915,9773.5592,302.2651,588.3162
17.6415,9788.6285,300.5099,587.9569
17.6915,9803.6102,298.7566,587.5996
17.7415,9818.5042,297.0054,587.2444
17.7915,9833.3108,295.2564,586.8913
17.8415,9848.0299,293.5094,586.5403
17.8915,9862.6617,291.7641,586.1914
17.9415,9877.2063,290.0208,585.8446
17.9915,9891.6638,288.2793,585.4998
18.0415,9906.0343,286.5391,585.1571
18.0915,9920.3178,284.8007,584.8165
18.1415,9934.5144,283.0642,584.4779
18.1915,9948.6242,281.3294,584.1415
18.2415,9962.6473,279.5956,583.8071
18.2915,9976.5838,277.8621,583.4747
18.3415,9990.4336,276.1289,583.1444
18.3915,10004.1967,274.3972,582.8162
18.4415,10017.8733,272.6667,582.4901
18.4915,10031.4634,270.9372,582.166
18.5415,10044.967,269.2088,581.844
18.5915,10058.3843,267.4811,581.524
18.6415,10071.7152,265.7551,581.2061
18.6915,10084.9598,264.0308,580.8903
18.7415,10098.1183,262.308,580.5765
18.7915,10111.1906,260.5864,580.2647
18.8415,10124.177,258.8666,579.9551
18.8915,10137.0773,257.1487,579.6474
18.9415,10149.8919,255.4325,579.3418
18.9915,10162.6206,253.7184,579.0383
19.0415,10175.2637,252.0066,578.7368
19.0915,10187.8213,250.2971,578.4373
19.1415,10200.2935,248.5898,578.1399
19.1915,10212.6803,246.8842,577.8445
19.2415,10224.9819,245.1802,577.5512
19.2915,10237.1984,243.478,577.261
19.3415,10249.3298,241.777,576.9868
19.3915,10261.3761,240.078,576.7145
19.4415,10273.3376,238.3809,576.4441
19.4915,10285.2142,236.685,576.1756
19.5415,10297.0061,234.9907,575.909
19.5915,10308.7133,233.2981,575.6443
19.6415,10320.3359,231.6065,575.3816
19.6915,10331.874,229.9166,575.1208
19.7415,10343.3276,228.2284,574.8618
19.7915,10354.6969,226.5415,574.6048
19.8415,10365.9818,224.8554,574.3497
19.8915,10377.1824,223.1704,574.0965
19.9415,10388.2989,221.4869,573.8452
19.9915,10399.3311,219.8042,573.5958
20.0415,10410.2793,218.1225,573.3483
20.0915,10421.1434,216.441,573.1027
20.1415,10431.9234,214.7599,572.859
20.1915,10442.6194,213.08,572.6172
20.2415,10453.2314,211.4012,572.3773
20.2915,10463.7595,209.7237,572.1393
20.3415,10474.2038,208.0469,571.9032
20.3915,10484.5642,206.371,571.669
20.4415,10494.8409,204.6964,571.4367
20.4915,10505.0339,203.0223,571.2062
20.5415,10515.1432,201.3489,570.9777
20.5915,10525.1688,199.6766,570.751
20.6415,10535.1108,198.0045,570.5263
20.6915,10544.9692,196.3326,570.3034
20.7415,10554.7441,194.6619,570.0825
20.7915,10564.4354,192.9922,569.8634
20.8415,10574.0433,191.324,569.6462
20.8915,10583.5679,189.6576,569.4308
20.9415,10593.0091,187.9925,569.2174
20.9915,10602.3671,186.3287,569.0059
21.0415,10611.642,184.6665,568.7962
21.0915,10620.8338,183.0063,568.5884
21.1415,10629.9427,181.3474,568.3825
21.1915,10638.9686,179.6896,568.1784
21.2415,10647.9116,178.0328,567.9763
21.2915,10656.7719,176.3771,567.776
21.3415,10665.5494,174.7223,567.5775
21.3915,10674.2441,173.0688,567.381
21.4415,10682.8563,171.417,567.1863
21.4915,10691.3859,169.7662,566.9935
21.5415,10699.8329,168.1155,566.8025
21.5915,10708.1974,166.4659,566.6134
21.6415,10716.4795,164.8172,566.4262
21.6915,10724.6792,163.1694,566.2408
21.7415,10732.7965,161.5231,566.0573
21.7915,10740.8315,159.8777,565.8757
21.8415,10748.7843,158.2332,565.6959
21.8915,10756.6548,156.5901,565.518
21.9415,10764.4433,154.9477,565.3419
21.9915,10772.1496,153.306,565.1677
22.0415,10779.7739,151.6651,564.9953
22.0915,10787.3161,150.0254,564.8248
22.1415,10794.7764,148.3863,564.6562
22.1915,10802.1548,146.7481,564.4894
22.2415,10809.4512,145.1099,564.3244
22.2915,10816.6658,143.4721,564.1613
22.3415,10823.7985,141.8352,564.0001
22.3915,10830.8493,140.1993,563.8407
22.4415,10837.8184,138.5636,563.6831
22.4915,10844.7057,136.9282,563.5274
22.5415,10851.5112,135.2936,563.3736
22.5915,10858.2351,133.6599,563.2216
22.6415,10864.8772,132.0274,563.0714
22.6915,10871.4378,130.3959,562.9231
22.7415,10877.9168,128.7654,562.7767
22.7915,10884.3144,127.136,562.632
22.8415,10890.6305,125.5075,562.4892
22.8915,10896.8651,123.8791,562.3483
22.9415,10903.0184,122.251,562.2092
22.9915,10909.0902,120.6239,562.0719
23.0415,10915.0808,118.9975,561.9365
23.0915,10920.99,117.3709,561.8029
23.1415,10926.8179,115.744,561.6712
23.1915,10932.5644,114.1172,561.5413
23.2415,10938.2296,112.4915,561.4132
23.2915,10943.8135,110.8664,561.287
23.3415,10949.3162,109.2417,561.1626
23.3915,10954.7377,107.6181,561.04
23.4415,10960.0781,105.9955,560.9193
23.4915,10965.3373,104.3741,560.8004
23.5415,10970.5155,102.7535,560.6833
23.5915,10975.6127,101.1339,560.5681
23.6415,10980.6289,99.5151,560.4547
23.6915,10985.5642,97.8972,560.3431
23.7415,10990.4186,96.2805,560.2334
23.7915,10995.1923,94.6649,560.1255
23.8415,10999.8851,93.0504,560.0194
23.8915,11004.4973,91.4374,559.9151
23.9415,11009.0289,89.8254,559.8127
23.9915,11013.4799,88.2138,559.7121
24.0415,11017.8503,86.6026,559.6133
24.0915,11022.1402,84.992,559.5163
24.1415,11026.3495,83.3822,559.4211
24.1915,11030.4784,81.7738,559.3278
24.2415,11034.5269,80.1671,559.2363
24.2915,11038.4951,78.5616,559.1465
24.3415,11042.3831,76.9567,559.0587
24.3915,11046.1908,75.3533,558.9726
24.4415,11049.9184,73.7514,558.8883
24.4915,11053.566,72.1512,558.8058
24.5415,11057.1336,70.5524,558.7252
24.5915,11060.6213,68.9546,558.6464
24.6415,11064.029,67.3574,558.5693
24.6915,11067.357,65.7608,558.4941
24.7415,11070.6051,64.1652,558.4207
24.7915,11073.7735,62.5698,558.349
24.8415,11076.8621,60.9751,558.2792
24.8915,11079.871,59.3813,558.2112
24.9415,11082.8003,57.7884,558.145
24.9915,11085.6499,56.1969,558.0805
25.0415,11088.42,54.6067,558.0179
25.0915,11091.1106,53.0172,557.9571
25.1415,11093.7217,51.4287,557.8981
25.1915,11096.2535,49.8413,557.8408
25.2415,11098.7059,48.2549,557.7854
25.2915,11101.079,46.67,557.7317
25.3415,11103.3729,45.0862,557.6799
25.3915,11105.5876,43.5037,557.6298
25.4415,11107.7233,41.9219,557.5815
25.4915,11109.7798,40.3413,557.5351
25.5415,11111.7574,38.7625,557.4903
25.5915,11113.6561,37.1846,557.4474
25.6415,11115.4759,35.6074,557.4063
25.6915,11117.2169,34.0309,557.3669
25.7415,11118.879,32.4554,557.3294
25.7915,11120.4624,30.8809,557.2936
25.8415,11121.9671,29.3072,557.2595
25.8915,11123.3932,27.7347,557.2273
25.9415,11124.7406,26.1636,557.1968
25.9915,11126.0095,24.5933,557.1682
26.0415,11127.1999,23.0236,557.1412
26.0915,11128.3119,21.4553,557.1161
26.1415,11129.3455,19.8887,557.0927
26.1915,11130.3008,18.323,557.0711
26.2415,11131.1778,16.7579,557.0513
26.2915,11131.9766,15.194,557.0333
26.3415,11132.6972,13.6303,557.017
26.3915,11133.3396,12.067,557.0024
26.4415,11133.9039,10.5046,556.9897
26.4915,11134.3901,8.943,556.9787
26.5415,11134.7982,7.3824,556.9695
26.5915,11135.1284,5.8233,556.962
26.6415,11135.3806,4.2654,556.9563
26.6915,11135.5549,2.7086,556.9524
26.7415,11135.6515,1.1528,556.9502
26.7915,11135.6702,-0.4024,556.9498
26.8415,11135.6113,-1.9565,556.9511
26.9178,11135.3704,-4.3538,556.9565
26.9973,11134.9279,-6.7852,556.9665
27.0796,11134.2678,-9.2416,556.9815
27.165,11133.3724,-11.7243,557.0017
27.2534,11132.226,-14.2271,557.0276
27.3449,11130.8088,-16.7539,557.0597
27.4403,11129.0874,-19.3283,557.0986
27.5391,11127.0494,-21.9279,557.1446
27.6411,11124.6798,-24.5411,557.1982
27.7468,11121.9465,-27.1818,557.26
27.8559,11118.8363,-29.8328,557.3303
27.9684,11115.3306,-32.4861,557.4096
28.0846,11111.4017,-35.1436,557.4984
28.2049,11107.0119,-37.8138,557.5976
28.3296,11102.1299,-40.4915,557.708
28.4591,11096.7127,-43.1793,557.8305
28.5936,11090.7243,-45.866,557.9658
28.7341,11084.0889,-48.5715,558.1158
28.8802,11076.7982,-51.2425,558.2806
29.033,11068.7654,-53.8968,558.4622
29.1939,11059.8783,-56.5517,558.6631
29.3632,11050.0854,-59.1644,558.8845
29.542,11039.2761,-61.7309,559.1289
29.7314,11027.3515,-64.2305,559.3985
29.9342,11014.0722,-66.693,559.6987
30.1539,10999.1498,-69.1273,560.036
30.3939,10982.2784,-71.5134,560.4174
30.6556,10963.2649,-73.7864,560.8472
30.9429,10941.7583,-75.9233,561.3334
31.269,10916.6588,-77.9912,561.9008
31.6402,10887.3579,-79.9057,562.5632
32.0699,10852.6492,-81.6361,563.3479
32.5699,10811.445,-83.1806,564.2793
33.0699,10769.5952,-84.2187,565.2254
33.5699,10727.318,-84.89,566.1812
34.0699,10684.756,-85.3579,567.1433
34.5699,10642.0017,-85.6594,568.1099
35.0699,10599.1282,-85.8345,569.0791
35.5699,10556.1879,-85.9268,570.0498
36.0699,10513.2126,-85.9744,571.0213
36.5699,10470.223,-85.9838,571.9932
37.0699,10427.2334,-85.9747,572.965
37.5699,10384.251,-85.9552,573.9367
38.0699,10341.2814,-85.923,574.9081
38.5699,10298.3308,-85.8794,575.8791
39.0699,10255.403,-85.8317,576.8495
39.5699,10212.4998,-85.7813,577.8488
40.0699,10169.6226,-85.7274,578.8713
40.5699,10126.7731,-85.6705,579.8931
41.0699,10083.9524,-85.6122,580.9143
41.5699,10041.1613,-85.5525,581.9347
42.0699,9998.4,-85.4926,582.9545
42.5699,9955.669,-85.4314,583.9735
43.0699,9912.9683,-85.3714,584.9917
43.5699,9870.2976,-85.3113,586.0093
44.0699,9827.6571,-85.251,587.0262
44.5699,9785.0466,-85.191,588.0423
45.0699,9742.466,-85.1312,589.0577
45.5699,9699.9155,-85.071,590.0724
46.0699,9657.3948,-85.0117,591.0864
46.5699,9614.9038,-84.9524,592.0997
47.0699,9572.4424,-84.8929,593.1123
47.5699,9530.0107,-84.8342,594.1241
48.0699,9487.6083,-84.7754,595.1353
48.5699,9445.2352,-84.717,596.1458
49.0699,9402.8913,-84.6586,597.1556
49.5699,9360.5766,-84.6003,598.1646
50.0699,9318.2909,-84.5424,599.173
50.5699,9276.0341,-84.4847,600.1807
51.0699,9233.8064,-84.426,601.1877
51.5699,9191.6078,-84.3685,602.194
52.0699,9149.4378,-84.3118,603.1997
52.5699,9107.2961,-84.255,604.2046
53.0699,9065.1828,-84.1983,605.2089
53.5699,9023.0977,-84.1418,606.2125
54.0699,8981.0409,-84.0855,607.2154
54.5699,8939.0122,-84.0293,608.2177
55.0699,8897.0116,-83.9733,609.2193
55.5699,8855.039,-83.9171,610.2202
56.0699,8813.0943,-83.8615,611.2205
56.5699,8771.1774,-83.806,612.2201
57.0699,8729.2884,-83.75,613.219
57.5699,8687.4275,-83.6937,614.2172
58.0699,8645.5941,-83.6396,615.2148
58.5699,8603.7879,-83.5854,616.2118
59.0699,8562.0089,-83.5307,617.2518
59.5699,8520.2573,-83.4754,618.3014
60.0699,8478.5337,-83.4193,619.3502
60.5699,8436.8382,-83.3625,620.3984
61.0699,8395.1713,-83.3051,621.4459
61.5699,8353.5329,-83.2484,622.4926
62.0699,8311.9234,-83.1899,623.5387
62.5699,8270.3427,-83.1326,624.584
63.0699,8228.7905,-83.0762,625.6285
63.5699,8187.2663,-83.0206,626.6724
64.0699,8145.7699,-82.9648,627.7156
64.5699,8104.3016,-82.9085,628.7581
65.0699,8062.8614,-82.8525,629.7998
65.5699,8021.4491,-82.7965,630.8409
66.0699,7980.0647,-82.7412,631.8813
66.5699,7938.7079,-82.6861,632.9209
67.0699,7897.3787,-82.6309,633.9599
67.5699,7856.077,-82.576,634.9982
68.0699,7814.8029,-82.52,636.0358
68.5699,7773.5566,-82.4651,637.0727
69.0699,7732.3376,-82.4112,638.1089
69.5699,7691.1455,-82.3569,639.1444
70.0699,7649.9805,-82.3032,640.1792
70.5699,7608.8424,-82.2493,641.2134
71.0699,7567.7312,-82.1954,642.2469
71.5699,7526.647,-82.1417,643.2797
72.0699,7485.5895,-82.088,644.3119
72.5699,7444.5588,-82.0351,645.3433
73.0699,7403.5545,-81.982,646.3741
73.5699,7362.577,-81.9281,647.4043
74.0699,7321.6259,-81.8759,648.4337
74.5699,7280.7011,-81.8233,649.4625
75.0699,7239.8026,-81.7707,650.4907
75.5699,7198.9303,-81.7185,651.5182
76.0699,7158.084,-81.6667,652.545
76.5699,7117.2636,-81.6149,653.5712
77.0699,7076.4691,-81.5631,654.5967
77.5699,7035.7009,-81.5098,655.6216
78.0699,6994.959,-81.4575,656.6458
78.5699,6954.2428,-81.4074,657.6709
79.0699,6913.5518,-81.3567,658.7486
79.5699,6872.8865,-81.3046,659.8255
80.0699,6832.2474,-81.2516,660.9018
80.5699,6791.635,-81.1979,661.9774
81.0699,6751.0493,-81.1449,663.0522
81.5699,6710.4901,-81.092,664.1264
82.0699,6669.9574,-81.0389,665.1999
82.5699,6629.4513,-80.9856,666.2726
83.0699,6588.9717,-80.9327,667.3447
83.5699,6548.5187,-80.8794,668.416
84.0699,6508.0922,-80.8266,669.4867
84.5699,6467.692,-80.774,670.5566
85.0699,6427.3189,-80.7187,671.6259
85.5699,6386.9722,-80.6678,672.6944
86.0699,6346.6511,-80.6165,673.7623
86.5699,6306.3562,-80.5631,674.8294
87.0699,6266.0874,-80.5123,675.8959
87.5699,6225.8441,-80.461,676.9617
88.0699,6185.6264,-80.4099,678.0268
88.5699,6145.4343,-80.3585,679.0913
89.0699,6105.2679,-80.3072,680.155
89.5699,6065.1271,-80.2558,681.2181
90.0699,6025.012,-80.2048,682.2805
90.5699,5984.922,-80.1549,683.3422
91.0699,5944.8571,-80.1048,684.4033
91.5699,5904.8172,-80.0547,685.4637
92.0699,5864.8024,-80.0043,686.5235
92.5699,5824.8128,-79.9543,687.5825
93.0699,5784.8481,-79.9046,688.641
93.5699,5744.9082,-79.855,689.6987
94.0699,5704.9931,-79.8054,690.7558
94.5699,5665.103,-79.7548,691.8123
95.0699,5625.2378,-79.7061,692.8681
95.5699,5585.3973,-79.656,693.9232
96.0699,5545.5813,-79.6078,694.9777
96.5699,5505.7895,-79.5594,696.0315
97.0699,5466.0219,-79.511,697.0847
97.5699,5426.2788,-79.4616,698.1373
98.0699,5386.5605,-79.4116,699.1891
98.5699,5346.8665,-79.3645,700.2404
99.0699,5307.1962,-79.3166,701.3019
99.5699,5267.5498,-79.269,702.4073
100.0699,5227.9277,-79.2192,703.5121
100.5699,5188.3307,-79.1689,704.6162
101.0699,5148.7587,-79.1192,705.7196
101.5699,5109.2114,-79.0698,706.8223
102.0699,5069.689,-79.0202,707.9243
102.5699,5030.1913,-78.9704,709.0256
103.0699,4990.7186,-78.9204,710.1262
103.5699,4951.2708,-78.8707,711.2262
104.0699,4911.8481,-78.82,712.3254
104.5699,4872.4503,-78.7711,713.4239
105.0699,4833.0773,-78.721,714.5218
105.5699,4793.7289,-78.6725,715.6189
106.0699,4754.4051,-78.6227,716.7154
106.5699,4715.106,-78.574,717.8112
107.0699,4675.8312,-78.525,718.9063
107.5699,4636.5808,-78.4769,720.0007
108.0699,4597.3544,-78.4285,721.0944
108.5699,4558.1521,-78.3806,722.1875
109.0699,4518.9738,-78.3327,723.2799
109.5699,4479.8197,-78.2835,724.3717
110.0699,4440.6898,-78.2362,725.4627
110.5699,4401.5835,-78.1889,726.5531
111.0699,4362.5014,-78.1398,727.6428
111.5699,4323.4433,-78.0927,728.7319
112.0699,4284.4086,-78.0458,729.8203
112.5699,4245.3974,-77.9991,730.9081
113.0699,4206.4095,-77.9523,731.9952
113.5699,4167.4452,-77.9049,733.0816
114.0699,4128.5044,-77.8585,734.1674
114.5699,4089.587,-77.8113,735.2525
115.0699,4050.6928,-77.7653,736.337
115.5699,4011.8217,-77.7193,737.4209
116.0699,3972.9736,-77.6733,738.5041
116.5699,3934.1486,-77.6267,739.5866
117.0699,3895.3471,-77.5793,740.6685
117.5699,3856.5686,-77.5345,741.7498
118.0699,3817.8129,-77.4884,742.8304
118.5699,3779.0801,-77.4428,743.9104
119.0699,3740.3704,-77.3959,744.9897
119.5699,3701.6836,-77.3512,746.0685
120.0699,3663.0193,-77.3063,747.1633
120.5699,3624.3772,-77.262,748.297
121.0699,3585.7576,-77.2162,749.43
121.5699,3547.1612,-77.1695,750.5624
122.0699,3508.5887,-77.1205,751.694
122.5699,3470.0399,-77.0748,752.8249
123.0699,3431.5141,-77.0284,753.9552
123.5699,3393.0115,-76.982,755.0848
124.0699,3354.5324,-76.9343,756.2137
124.5699,3316.0769,-76.8876,757.3419
125.0699,3277.6447,-76.8412,758.4695
125.5699,3239.2356,-76.7952,759.5963
126.0699,3200.8499,-76.7478,760.7225
126.5699,3162.4873,-76.7022,761.848
127.0699,3124.1476,-76.6567,762.9728
127.5699,3085.8307,-76.611,764.0969
128.0699,3047.5366,-76.5652,765.2204
128.5699,3009.2654,-76.5197,766.3432
129.0699,2971.0174,-76.4723,767.4653
129.5699,2932.7924,-76.4277,768.5868
130.0699,2894.5898,-76.3826,769.7076
130.5699,2856.4097,-76.338,770.8277
131.0699,2818.2519,-76.2929,771.9472
131.5699,2780.1171,-76.2466,773.066
132.0699,2742.0047,-76.2028,774.1841
132.5699,2703.9145,-76.1582,775.3016
133.0699,2665.8464,-76.1142,776.4185
133.5699,2627.8003,-76.0699,777.5347
134.0699,2589.7764,-76.0259,778.6502
134.5699,2551.7744,-75.982,779.7651
135.0699,2513.7944,-75.9381,780.8794
135.5699,2475.8368,-75.8921,781.993
136.0699,2437.9016,-75.8486,783.1059
136.5699,2399.9881,-75.8055,784.2182
137.0699,2362.0961,-75.7622,785.3299
137.5699,2324.2259,-75.7189,786.441
138.0699,2286.3773,-75.6756,787.5514
138.5699,2248.5502,-75.6327,788.6612
139.0699,2210.7445,-75.5903,789.7703
139.5699,2172.9601,-75.5472,790.8788
140.0699,2135.1976,-75.5028,791.9867
140.5699,2097.4565,-75.4613,793.094
141.0699,2059.7364,-75.4192,794.2006
141.5699,2022.0372,-75.3773,795.3249
142.0699,1984.3592,-75.335,796.4873
142.5699,1946.7026,-75.2914,797.649
143.0699,1909.068,-75.247,798.8101
143.5699,1871.4554,-75.2033,799.9704
144.0699,1833.8648,-75.1592,801.1301
144.5699,1796.2962,-75.1151,802.2891
145.0699,1758.7497,-75.071,803.4475
145.5699,1721.2252,-75.027,804.6051
146.0699,1683.7227,-74.9829,805.7621
146.5699,1646.2422,-74.9392,806.9184
147.0699,1608.7835,-74.8956,808.074
147.5699,1571.3466,-74.852,809.229
148.0699,1533.9314,-74.8086,810.3832
148.5699,1496.5379,-74.7653,811.5368
149.0699,1459.1661,-74.7221,812.6898
149.0709,1459.0914,-74.722,812.6921
149.0751,1458.7829,-71.4413,812.7016
149.0798,1458.4593,-68.1606,812.7116
149.0849,1458.1189,-64.8799,812.7221
149.0905,1457.76,-61.5992,812.7332
149.0969,1457.3801,-58.3185,812.7449
149.104,1456.9766,-55.0377,812.7573
149.1121,1456.5462,-51.7569,812.7706
149.1213,1456.0845,-48.4761,812.7849
149.1319,1455.5864,-45.1953,812.8002
149.1443,1455.0451,-41.9145,812.8169
149.1591,1454.4513,-38.6338,812.8352
149.1769,1453.7926,-35.353,812.8556
149.1989,1453.0506,-32.0724,812.8785
149.2269,1452.1974,-28.792,812.9048
149.2642,1451.1864,-25.5123,812.936
149.3168,1449.9289,-22.2329,812.9748
149.3998,1448.2207,-18.9524,813.0275
149.564,1445.3778,-15.6739,813.1152
149.784,1442.0142,-14.9024,813.2189
150.0154,1438.5686,-14.881,813.3252
150.2471,1435.1211,-14.8798,813.4316
150.4788,1431.6744,-14.8739,813.5379
150.7105,1428.2269,-14.8784,813.6443
150.9422,1424.7811,-14.871,813.7506
151.1739,1421.3344,-14.8753,813.8569
151.4055,1417.8883,-14.8774,813.9632
151.6371,1414.4431,-14.8744,814.0695
151.8688,1410.998,-14.8736,814.1758
152.1004,1407.555,-14.8581,814.282
152.3322,1404.1103,-14.8603,814.3883
152.5639,1400.6649,-14.8722,814.4946
152.7955,1397.2214,-14.8703,814.6008
153.0271,1393.778,-14.871,814.7071
153.2586,1390.3353,-14.8684,814.8133
153.4901,1386.8926,-14.8698,814.9195
153.7216,1383.4513,-14.8617,815.0256
153.9532,1380.0087,-14.8674,815.1318
154.1847,1376.5673,-14.8666,815.238
154.4162,1373.1261,-14.8672,815.3442
154.6476,1369.6855,-14.8654,815.4503
154.879,1366.2452,-14.8645,815.5565
155.1105,1362.8052,-14.8638,815.6626
155.3419,1359.3655,-14.8634,815.7687
155.5733,1355.9266,-14.8596,815.8748
155.8047,1352.4887,-14.8509,815.9808
156.0362,1349.049,-14.86,816.087
156.2676,1345.6108,-14.8593,816.193
156.499,1342.1736,-14.8533,816.2991
156.7304,1338.7354,-14.8592,816.4051
156.9617,1335.2984,-14.8584,816.5112
157.193,1331.863,-14.8458,816.6172
157.4245,1328.4264,-14.8468,816.7232
157.6559,1324.9894,-14.855,816.8292
157.8872,1321.5536,-14.8554,816.9352
158.1185,1318.1203,-14.8384,817.0411
158.35,1314.6835,-14.8535,817.1472
158.5812,1311.2491,-14.8513,817.2531
158.8125,1307.8155,-14.846,817.359
159.0438,1304.3815,-14.8469,817.465
159.275,1300.9474,-14.8509,817.5709
159.5062,1297.5148,-14.8461,817.6768
159.7374,1294.0822,-14.8445,817.7827
159.9687,1290.6498,-14.8433,817.8886
160.1999,1287.2172,-14.8474,817.9945
160.431,1283.7865,-14.8386,818.1004
160.6623,1280.3542,-14.8462,818.2062
160.8934,1276.9233,-14.8454,818.3121
161.1245,1273.4927,-14.8445,818.4179
161.3555,1270.0627,-14.8422,818.5237
161.5866,1266.6326,-14.8431,818.6296
161.8177,1263.2037,-14.8371,818.7353
162.0488,1259.774,-14.8415,818.8412
162.2798,1256.3452,-14.8406,818.9469
162.5109,1252.9189,-14.8214,819.0526
162.7422,1249.49,-14.828,819.1584
162.9733,1246.0618,-14.8313,819.2642
163.2044,1242.6337,-14.8364,819.3699
163.4354,1239.2082,-14.8228,819.4756
163.6666,1235.78,-14.8361,819.5814
163.8976,1232.3546,-14.8278,819.6871
164.1286,1228.9278,-14.8344,819.7928
164.3595,1225.5025,-14.8313,819.8984
164.5905,1222.077,-14.8327,820.0041
164.8214,1218.6524,-14.8304,820.1098
165.0523,1215.2277,-14.8313,820.2154
165.2832,1211.804,-14.8261,820.3211
165.5141,1208.3797,-14.8298,820.4267
165.745,1204.9587,-14.8082,820.5322
165.9761,1201.5343,-14.819,820.6379
166.2071,1198.1105,-14.8275,820.7435
166.4379,1194.6886,-14.823,820.8491
166.6688,1191.2663,-14.8249,820.9547
166.8996,1187.8447,-14.824,821.0602
167.3996,1180.4327,-14.8239,821.2889
167.6304,1177.0132,-14.8143,821.3944
167.8612,1173.5923,-14.8207,821.4999
168.092,1170.1724,-14.8208,821.6054
168.3227,1166.7531,-14.8182,821.7109
168.5534,1163.3338,-14.8197,821.8164
168.7841,1159.9156,-14.8141,821.9218
169.0149,1156.5001,-14.7887,822.0272
169.246,1153.0788,-14.816,822.1328
169.4767,1149.6615,-14.8116,822.2382
169.7074,1146.2446,-14.8074,822.3436
169.9382,1142.8269,-14.8134,822.449
170.1689,1139.4103,-14.812,822.5544
170.3995,1135.9938,-14.8133,822.6598
170.6301,1132.5787,-14.8062,822.7652
170.8608,1129.1632,-14.8047,822.8706
171.0915,1125.7472,-14.8114,822.976
171.322,1122.3323,-14.8106,823.0813
171.5526,1118.918,-14.8087,823.1866
171.7831,1115.504,-14.8063,823.292
172.0137,1112.0916,-14.7939,823.3972
172.2444,1108.6783,-14.7919,823.5025
172.4752,1105.2638,-14.8039,823.6079
172.7057,1101.8508,-14.8057,823.7132
172.9362,1098.4385,-14.8041,823.8184
173.1667,1095.0272,-14.7975,823.9237
173.3973,1091.6163,-14.7896,824.0289
173.6279,1088.2056,-14.7841,824.1341
173.8586,1084.793,-14.7971,824.2394
174.0891,1081.3821,-14.7989,824.3446
174.3196,1077.9716,-14.8004,824.4499
174.55,1074.5621,-14.7965,824.555
174.7804,1071.1526,-14.7952,824.6602
175.0108,1067.7433,-14.7955,824.7654
175.2413,1064.3342,-14.7973,824.8706
175.4716,1060.9261,-14.7928,824.9757
175.702,1057.5179,-14.7925,825.0809
176.202,1050.1217,-14.7924,825.309
176.4323,1046.7145,-14.7933,825.4142
176.6626,1043.3086,-14.7855,825.5192
176.893,1039.9014,-14.7921,825.6243
177.1233,1036.4957,-14.7892,825.7294
177.3536,1033.0901,-14.788,825.8345
177.5838,1029.6922,-14.723,825.9393
177.8151,1026.2802,-14.7837,826.0446
178.0454,1022.8752,-14.7868,826.1496
178.2756,1019.4729,-14.7697,826.2546
178.5061,1016.0676,-14.7813,826.3596
178.7364,1012.6634,-14.7861,826.4647
178.9665,1009.2604,-14.7836,826.5696
179.1967,1005.8576,-14.7833,826.6746
179.4269,1002.4549,-14.7838,826.7796
179.657,999.053,-14.7817,826.8845
179.8871,995.6514,-14.7791,826.9895
180.1173,992.2496,-14.7811,827.0944
180.3474,988.849,-14.7762,827.1993
180.5776,985.4507,-14.755,827.3042
180.808,982.0478,-14.7758,827.4092
181.0381,978.6474,-14.7784,827.5141
181.2682,975.2483,-14.7727,827.6189
181.4983,971.8485,-14.7758,827.7238
181.7283,968.4506,-14.7655,827.8286
181.9585,965.0512,-14.7718,827.9335
182.1886,961.654,-14.7612,828.0383
182.4188,958.2546,-14.7729,828.1432
182.6488,954.8579,-14.7644,828.248
182.8789,951.4597,-14.7718,828.3528
183.1088,948.063,-14.7697,828.4576
183.3388,944.6663,-14.7704,828.5624
183.5688,941.2716,-14.7557,828.6671
183.7989,937.8742,-14.769,828.7719
184.0288,934.4788,-14.7673,828.8767
184.2587,931.0837,-14.7661,828.9814
184.4886,927.6886,-14.7672,829.0862
184.7185,924.2946,-14.7627,829.1909
184.9484,920.9,-14.7657,829.2956
185.1783,917.5062,-14.765,829.4003
185.4081,914.1129,-14.7637,829.505
185.638,910.7197,-14.7635,829.6097
185.8678,907.3272,-14.7606,829.7143
186.0976,903.9356,-14.7529,829.819
186.3275,900.5427,-14.7598,829.9236
186.5573,897.1511,-14.7581,830.0283
186.7871,893.7597,-14.7577,830.1329
187.0169,890.3685,-14.7585,830.2375
187.2467,886.9779,-14.7567,830.3421
187.4764,883.5877,-14.755,830.4467
187.7062,880.1977,-14.7544,830.5513
187.9359,876.8083,-14.7515,830.6559
188.1657,873.4187,-14.7533,830.7604
188.3954,870.0298,-14.7522,830.865
188.6251,866.6411,-14.7529,830.9695
188.8548,863.2529,-14.7511,831.0741
189.0845,859.8649,-14.751,831.1786
189.3141,856.4781,-14.7438,831.2831
189.5439,853.0908,-14.7437,831.3876
189.7736,849.7031,-14.75,831.4921
190.0032,846.3166,-14.7491,831.5966
190.2328,842.9312,-14.7416,831.701
190.4625,839.5446,-14.7473,831.8055
190.692,836.1594,-14.7438,831.9099
190.9216,832.774,-14.7449,832.0143
191.1512,829.3899,-14.7378,832.1187
191.3809,826.0046,-14.7442,832.2232
191.6104,822.6207,-14.7419,832.3276
191.8399,819.2367,-14.743,832.432
192.0694,815.8532,-14.7426,832.5364
192.2989,812.4701,-14.7413,832.6407
192.5284,809.0874,-14.7402,832.7451
192.7579,805.7059,-14.7318,832.8494
192.9874,802.3234,-14.7343,832.9538
193.217,798.9416,-14.7346,833.0581
193.4465,795.5597,-14.7381,833.1624
193.6759,792.1803,-14.7228,833.2667
193.9055,788.798,-14.7354,833.371
194.1349,785.4178,-14.7335,833.4753
194.3643,782.0383,-14.7282,833.5796
194.5938,778.6578,-14.7341,833.6839
194.8232,775.2786,-14.7324,833.7881
195.3232,767.9124,-14.7325,834.0154
195.5525,764.5367,-14.7094,834.1195
195.7821,761.1564,-14.7294,834.2238
196.0115,757.7798,-14.7193,834.328
196.2409,754.4014,-14.7287,834.4322
196.4702,751.0248,-14.7258,834.5364
196.6995,747.6479,-14.7277,834.6405
196.9287,744.2719,-14.7251,834.7447
197.158,740.8964,-14.7216,834.8488
197.3873,737.5204,-14.7241,834.953
197.6165,734.1451,-14.7244,835.0571
197.8457,730.7703,-14.7235,835.1612
198.0749,727.3958,-14.7227,835.2653
198.3041,724.0226,-14.7126,835.3694
198.5334,720.6481,-14.7179,835.4735
198.7627,717.2743,-14.7193,835.5776
198.9918,713.9012,-14.718,835.6816
199.221,710.5298,-14.7056,835.7857
199.4503,707.1558,-14.718,835.8897
199.6795,703.7839,-14.7145,835.9938
199.9086,700.4117,-14.7173,836.0978
200.1377,697.0406,-14.713,836.2018
200.3668,693.6703,-14.7049,836.3058
200.5961,690.2983,-14.7151,836.4098
200.8251,686.9284,-14.7091,836.5138
201.0543,683.5578,-14.7133,836.6178
201.2833,680.1881,-14.7112,836.7217
201.5123,676.8185,-14.712,836.8257
201.7413,673.4497,-14.7084,836.9296
201.9704,670.0806,-14.7105,837.0335
202.1994,666.7158,-14.6784,837.1373
202.4288,663.3468,-14.6858,837.2413
202.6582,659.9764,-14.7082,837.3453
202.8871,656.6091,-14.7056,837.4491
203.1161,653.242,-14.7051,837.553
203.345,649.8751,-14.7062,837.6569
203.574,646.5094,-14.6989,837.7607
203.803,643.1426,-14.7048,837.8646
204.0319,639.7772,-14.7012,837.9684
204.2608,636.4129,-14.6908,838.0722
204.4899,633.0471,-14.6965,838.176
204.7188,629.6823,-14.6962,838.2798
204.9477,626.3207,-14.6706,838.3836
205.1771,622.9547,-14.6874,838.4874
205.4061,619.59,-14.6952,838.5912
205.635,616.2268,-14.6922,838.695
205.8639,612.863,-14.698,838.7987
206.0927,609.5014,-14.688,838.9024
206.3216,606.1382,-14.6943,839.0062
206.5504,602.7759,-14.696,839.1099
206.7791,599.4144,-14.6935,839.2136
207.0079,596.0528,-14.6941,839.3173
207.2367,592.6918,-14.6933,839.421
207.4654,589.3325,-14.6804,839.5247
207.6943,585.9724,-14.6768,839.6283
207.9232,582.6109,-14.6894,839.732
208.152,579.251,-14.6905,839.8357
208.3806,575.8916,-14.6899,839.9393
208.6093,572.5327,-14.6877,840.0429
208.838,569.1742,-14.6856,840.1466
209.0667,565.8155,-14.6874,840.2502
209.2953,562.4578,-14.6836,840.3538
209.524,559.1001,-14.6832,840.4573
209.7527,555.7424,-14.685,840.5609
209.9813,552.3854,-14.6842,840.6645
210.2099,549.0289,-14.6823,840.768
210.4385,545.6731,-14.676,840.8716
210.6671,542.3163,-14.6825,840.9751
210.8957,538.9605,-14.682,841.0787
211.1242,535.6056,-14.6777,841.1822
211.3528,532.2504,-14.6783,841.2857
211.5814,528.896,-14.6748,841.3892
211.81,525.5411,-14.6788,841.4927
212.0385,522.187,-14.6784,841.5961
212.267,518.8346,-14.6662,841.6996
212.4956,515.4807,-14.6703,841.803
212.7242,512.1271,-14.6743,841.9065
212.9527,508.7746,-14.6719,842.0099
213.1812,505.4221,-14.672,842.1133
213.4096,502.0706,-14.6671,842.2167
213.6381,498.7181,-14.6733,842.3202
213.8666,495.3671,-14.6688,842.4235
214.095,492.0167,-14.6624,842.5269
214.3235,488.6658,-14.6629,842.6303
214.552,485.3164,-14.6539,842.7336
214.7807,481.9689,-14.6309,842.8369
215.0096,478.6152,-14.6644,842.9404
215.238,475.2655,-14.6664,843.0437
215.4664,471.9174,-14.6572,843.147
215.6949,468.5691,-14.6533,843.2503
215.9234,465.2193,-14.6647,843.3536
216.1517,461.8717,-14.6598,843.4569
216.38,458.5233,-14.6648,843.5602
216.6083,455.1766,-14.6577,843.6634
216.8367,451.8288,-14.6634,843.7667
217.0649,448.4823,-14.6603,843.87
217.2932,445.1356,-14.6619,843.9732
217.5214,441.7895,-14.6612,844.0764
217.7496,438.4465,-14.6363,844.1796
217.9782,435.0983,-14.6598,844.2829
218.2064,431.7532,-14.6591,844.3861
218.4346,428.4093,-14.6507,844.4892
218.6628,425.0649,-14.6491,844.5924
218.8911,421.7201,-14.6542,844.6956
219.1193,418.3764,-14.653,844.7988
219.3475,415.0326,-14.6551,844.9019
219.5756,411.6901,-14.6486,845.005
219.8038,408.3471,-14.6504,845.1082
220.032,405.0067,-14.6308,845.2112
220.2604,401.6638,-14.6368,845.3143
220.4887,398.3225,-14.6319,845.4174
220.7171,394.9799,-14.6404,845.5205
220.9453,391.6376,-14.6501,845.6269
221.1734,388.2967,-14.6497,845.7352
221.4014,384.9571,-14.641,845.8435
221.6296,381.6162,-14.6474,845.9518
221.8576,378.2767,-14.6439,846.0601
222.0856,374.9372,-14.6445,846.1684
222.3136,371.5978,-14.6459,846.2766
222.5416,368.2591,-14.6452,846.3849
222.7696,364.9207,-14.6442,846.4931
222.9975,361.5827,-14.6437,846.6013
223.2254,358.2471,-14.6243,846.7095
223.4537,354.9082,-14.6377,846.8177
223.6816,351.5708,-14.6402,846.9259
223.9096,348.234,-14.6405,847.0341
224.1374,344.9032,-14.5917,847.1421
224.3661,341.5619,-14.6379,847.2505
224.5939,338.2261,-14.6383,847.3586
224.8218,334.8909,-14.6376,847.4667
225.0496,331.5576,-14.6228,847.5748
225.2777,328.2224,-14.6274,847.6829
225.5056,324.8877,-14.6306,847.7911
225.7335,321.5533,-14.6345,847.8992
225.9613,318.2198,-14.6336,848.0073
226.1891,314.8871,-14.6283,848.1153
226.4169,311.554,-14.6301,848.2234
226.6447,308.2213,-14.6315,848.3314
226.8725,304.8892,-14.6298,848.4395
227.1002,301.5575,-14.6287,848.5475
227.3279,298.2277,-14.6128,848.6554
227.5559,294.895,-14.626,848.7635
227.7836,291.5641,-14.6269,848.8715
228.0113,288.2339,-14.6241,848.9795
228.2391,284.9035,-14.6262,849.0874
228.4667,281.5738,-14.6254,849.1954
228.6944,278.2445,-14.6232,849.3033
228.922,274.9155,-14.6229,849.4113
229.1497,271.5868,-14.622,849.5192
229.3773,268.2583,-14.6224,849.6271
229.6049,264.9324,-14.6032,849.7349
229.8328,261.6026,-14.6209,849.8429
230.0604,258.2759,-14.6144,849.9508
230.288,254.9483,-14.619,850.0586
230.5156,251.622,-14.6156,850.1665
230.7432,248.2954,-14.6173,850.2743
230.9707,244.9695,-14.6169,850.3822
231.1982,241.644,-14.6151,850.49
231.4258,238.3198,-14.6045,850.5978
231.6534,234.994,-14.6119,850.7056
231.881,231.6691,-14.6139,850.8134
232.1084,228.3448,-14.6134,850.9212
232.3359,225.0209,-14.6126,851.0289
232.5633,221.6982,-14.6044,851.1367
232.7909,218.3742,-14.6108,851.2444
233.0183,215.0513,-14.61,851.3522
233.2458,211.7288,-14.6094,851.4599
233.4732,208.4069,-14.6066,851.5676
233.7006,205.0851,-14.6053,851.6753
233.928,201.7635,-14.6057,851.783
234.1554,198.443,-14.5991,851.8907
234.3829,195.1215,-14.6037,851.9983
234.6103,191.8012,-14.6018,852.106
234.8376,188.4807,-14.6045,852.2137
235.065,185.1609,-14.6037,852.3213
235.2923,181.8414,-14.603,852.4289
235.5196,178.523,-14.5964,852.5365
235.7469,175.2037,-14.6003,852.6441
235.9742,171.8861,-14.5925,852.7517
236.2016,168.5671,-14.5996,852.8593
236.4289,165.2502,-14.591,852.9668
236.6562,161.9328,-14.5904,853.0744
236.8836,158.6155,-14.5918,853.1819
237.1109,155.3027,-14.5565,853.2893
237.3387,151.9817,-14.596,853.397
237.5659,148.6659,-14.5932,853.5045
237.7931,145.3509,-14.5864,853.612
238.0204,142.0373,-14.5701,853.7194
238.248,138.72,-14.5891,853.827
238.4752,135.4059,-14.5834,853.9344
238.7024,132.0906,-14.5909,854.0419
238.9296,128.7765,-14.5905,854.1494
239.1567,125.4634,-14.5847,854.2568
239.3839,122.1497,-14.5873,854.3642
239.611,118.8368,-14.5861,854.4716
239.8381,115.5239,-14.5873,854.5791
240.3381,108.2303,-14.5872,854.8155
240.5651,104.9193,-14.5814,854.9229
240.7922,101.6078,-14.5824,855.0302
241.0193,98.2969,-14.5823,855.1376
241.2463,94.9866,-14.5787,855.2449
241.4734,91.676,-14.5813,855.3523
241.7004,88.3661,-14.5809,855.4596
241.9274,85.0566,-14.5797,855.5669
242.1544,81.7473,-14.5798,855.6742
242.3813,78.4384,-14.5793,855.7814
242.6083,75.1304,-14.5736,855.8887
242.8353,71.822,-14.5747,855.996
243.0622,68.5144,-14.5715,856.1032
243.2892,65.2065,-14.5738,856.2104
243.5161,61.8994,-14.5726,856.3177
243.7431,58.5931,-14.567,856.4249
243.9701,55.2861,-14.5708,856.5321
244.197,51.9805,-14.5645,856.6393
244.424,48.6739,-14.5702,856.7465
244.6508,45.3681,-14.5721,856.8536
244.8777,42.063,-14.5705,856.9608
245.1045,38.7581,-14.5708,857.068
245.3313,35.4543,-14.5635,857.1751
245.5582,32.1494,-14.5694,857.2822
245.7849,28.8461,-14.5646,857.3893
246.0118,25.5423,-14.5661,857.4964
246.2385,22.2391,-14.5661,857.6035
246.4653,18.9363,-14.565,857.7106
246.692,15.6339,-14.5632,857.8177
246.9188,12.3324,-14.5568,857.9247
247.1456,9.0298,-14.5629,858.0318
247.3723,5.7284,-14.5613,858.1388
247.7657,0,-14.5634,858.3246
